"25/07/2020 15:00:20","412703540","118.570936","24.347941"
"25/07/2020 15:00:30","412703540","118.570568","24.347671"
"25/07/2020 15:00:40","412703540","118.570130","24.347368"
"25/07/2020 15:00:50","412703540","118.569755","24.347122"
"25/07/2020 15:01:00","412703540","118.569305","24.346812"
"25/07/2020 15:01:10","412703540","118.568933","24.346563"
"25/07/2020 15:01:20","412703540","118.568504","24.346249"
"25/07/2020 15:01:30","412703540","118.568121","24.345952"
"25/07/2020 15:01:40","412703540","118.567740","24.345648"
"25/07/2020 15:01:50","412703540","118.567393","24.345363"
"25/07/2020 15:02:00","412703540","118.566992","24.345010"
"25/07/2020 15:02:10","412703540","118.566647","24.344727"
"25/07/2020 15:02:20","412703540","118.566194","24.344427"
"25/07/2020 15:02:30","412703540","118.565806","24.344197"
"25/07/2020 15:02:40","412703540","118.565340","24.343938"
"25/07/2020 15:02:50","412703540","118.564955","24.343715"
"25/07/2020 15:03:00","412703540","118.564539","24.343474"
"25/07/2020 15:03:10","412703540","118.564122","24.343233"
"25/07/2020 15:03:20","412703540","118.563690","24.342926"
"25/07/2020 15:03:30","412703540","118.563334","24.342665"
"25/07/2020 15:03:40","412703540","118.562945","24.342387"
"25/07/2020 15:03:50","412703540","118.562537","24.342107"
"25/07/2020 15:04:00","412703540","118.562089","24.341817"
"25/07/2020 15:04:10","412703540","118.561705","24.341587"
"25/07/2020 15:04:20","412703540","118.561251","24.341309"
"25/07/2020 15:04:30","412703540","118.560880","24.341071"
"25/07/2020 15:04:40","412703540","118.560483","24.340803"
"25/07/2020 15:04:50","412703540","118.560042","24.340494"
"25/07/2020 15:05:00","412703540","118.559642","24.340213"
"25/07/2020 15:05:10","412703540","118.559283","24.339963"
"25/07/2020 15:05:20","412703540","118.558842","24.339664"
"25/07/2020 15:05:30","412703540","118.558474","24.339416"
"25/07/2020 15:05:40","412703540","118.558063","24.339142"
"25/07/2020 15:05:50","412703540","118.557609","24.338843"
"25/07/2020 15:06:00","412703540","118.557201","24.338574"
"25/07/2020 15:06:10","412703540","118.556828","24.338333"
"25/07/2020 15:06:20","412703540","118.556380","24.338043"
"25/07/2020 15:06:30","412703540","118.556005","24.337798"
"25/07/2020 15:06:40","412703540","118.555585","24.337530"
"25/07/2020 15:06:50","412703540","118.555131","24.337249"
"25/07/2020 15:07:00","412703540","118.554722","24.336991"
"25/07/2020 15:07:10","412703540","118.554319","24.336718"
"25/07/2020 15:07:20","412703540","118.553925","24.336444"
"25/07/2020 15:07:30","412703540","118.553547","24.336185"
"25/07/2020 15:07:40","412703540","118.553133","24.335902"
"25/07/2020 15:07:50","412703540","118.552681","24.335610"
"25/07/2020 15:08:00","412703540","118.552268","24.335343"
"25/07/2020 15:08:10","412703540","118.551857","24.335079"
"25/07/2020 15:08:20","412703540","118.551474","24.334831"
"25/07/2020 15:08:30","412703540","118.551040","24.334572"
"25/07/2020 15:08:40","412703540","118.550647","24.334295"
"25/07/2020 15:08:50","412703540","118.550262","24.333998"
"25/07/2020 15:09:00","412703540","118.549879","24.333693"
"25/07/2020 15:09:10","412703540","118.549474","24.333351"
"25/07/2020 15:09:20","412703540","118.549095","24.333039"
"25/07/2020 15:09:30","412703540","118.548718","24.332731"
"25/07/2020 15:09:40","412703540","118.548368","24.332461"
"25/07/2020 15:09:50","412703540","118.547973","24.332170"
"25/07/2020 15:00:10","412705170","118.553869","24.339799"
"25/07/2020 15:00:20","412705170","118.553530","24.339520"
"25/07/2020 15:00:30","412705170","118.553173","24.339227"
"25/07/2020 15:00:40","412705170","118.552805","24.338927"
"25/07/2020 15:00:50","412705170","118.552467","24.338643"
"25/07/2020 15:01:00","412705170","118.552097","24.338321"
"25/07/2020 15:01:10","412705170","118.551749","24.338027"
"25/07/2020 15:01:20","412705170","118.551413","24.337748"
"25/07/2020 15:01:30","412705170","118.551071","24.337468"
"25/07/2020 15:01:40","412705170","118.550703","24.337169"
"25/07/2020 15:01:50","412705170","118.550380","24.336894"
"25/07/2020 15:02:00","412705170","118.550022","24.336590"
"25/07/2020 15:02:10","412705170","118.549640","24.336269"
"25/07/2020 15:02:20","412705170","118.549289","24.335978"
"25/07/2020 15:02:30","412705170","118.548950","24.335690"
"25/07/2020 15:02:40","412705170","118.548595","24.335380"
"25/07/2020 15:02:50","412705170","118.548269","24.335094"
"25/07/2020 15:03:00","412705170","118.547934","24.334799"
"25/07/2020 15:03:10","412705170","118.547572","24.334484"
"25/07/2020 15:03:20","412705170","118.547240","24.334209"
"25/07/2020 15:03:30","412705170","118.546899","24.333934"
"25/07/2020 15:03:40","412705170","118.546523","24.333637"
"25/07/2020 15:03:50","412705170","118.546171","24.333378"
"25/07/2020 15:04:00","412705170","118.545765","24.333075"
"25/07/2020 15:04:10","412705170","118.545394","24.332801"
"25/07/2020 15:04:20","412705170","118.545035","24.332539"
"25/07/2020 15:04:30","412705170","118.544670","24.332279"
"25/07/2020 15:04:40","412705170","118.544286","24.331999"
"25/07/2020 15:04:50","412705170","118.543927","24.331722"
"25/07/2020 15:05:00","412705170","118.543543","24.331412"
"25/07/2020 15:05:10","412705170","118.543181","24.331118"
"25/07/2020 15:05:20","412705170","118.542832","24.330831"
"25/07/2020 15:05:30","412705170","118.542507","24.330561"
"25/07/2020 15:05:40","412705170","118.542150","24.330267"
"25/07/2020 15:05:50","412705170","118.541776","24.329958"
"25/07/2020 15:06:00","412705170","118.541384","24.329648"
"25/07/2020 15:06:10","412705170","118.541030","24.329366"
"25/07/2020 15:06:20","412705170","118.540689","24.329090"
"25/07/2020 15:06:30","412705170","118.540365","24.328823"
"25/07/2020 15:06:40","412705170","118.540019","24.328552"
"25/07/2020 15:06:50","412705170","118.539658","24.328274"
"25/07/2020 15:07:00","412705170","118.539294","24.327999"
"25/07/2020 15:07:10","412705170","118.538910","24.327719"
"25/07/2020 15:07:20","412705170","118.538524","24.327441"
"25/07/2020 15:07:30","412705170","118.538167","24.327183"
"25/07/2020 15:07:40","412705170","118.537791","24.326912"
"25/07/2020 15:07:50","412705170","118.537420","24.326651"
"25/07/2020 15:08:00","412705170","118.537053","24.326384"
"25/07/2020 15:08:10","412705170","118.536678","24.326109"
"25/07/2020 15:08:20","412705170","118.536292","24.325824"
"25/07/2020 15:08:30","412705170","118.535918","24.325541"
"25/07/2020 15:08:40","412705170","118.535556","24.325252"
"25/07/2020 15:08:50","412705170","118.535198","24.324960"
"25/07/2020 15:09:00","412705170","118.534845","24.324667"
"25/07/2020 15:09:10","412705170","118.534491","24.324369"
"25/07/2020 15:09:20","412705170","118.534139","24.324075"
"25/07/2020 15:09:30","412705170","118.533784","24.323769"
"25/07/2020 15:09:40","412705170","118.533418","24.323444"
"25/07/2020 15:09:50","412705170","118.533092","24.323148"
"25/07/2020 15:00:10","413213190","118.519271","24.321292"
"25/07/2020 15:00:20","413213190","118.519554","24.321666"
"25/07/2020 15:00:30","413213190","118.519845","24.322054"
"25/07/2020 15:00:40","413213190","118.520172","24.322472"
"25/07/2020 15:00:50","413213190","118.520465","24.322867"
"25/07/2020 15:01:00","413213190","118.520757","24.323262"
"25/07/2020 15:01:10","413213190","118.521052","24.323660"
"25/07/2020 15:01:20","413213190","118.521333","24.324043"
"25/07/2020 15:01:30","413213190","118.521627","24.324434"
"25/07/2020 15:01:40","413213190","118.521957","24.324849"
"25/07/2020 15:01:50","413213190","118.522284","24.325232"
"25/07/2020 15:02:00","413213190","118.522619","24.325605"
"25/07/2020 15:02:10","413213190","118.522969","24.325967"
"25/07/2020 15:02:20","413213190","118.523317","24.326328"
"25/07/2020 15:02:30","413213190","118.523664","24.326687"
"25/07/2020 15:02:40","413213190","118.524016","24.327042"
"25/07/2020 15:02:50","413213190","118.524375","24.327394"
"25/07/2020 15:03:00","413213190","118.524746","24.327743"
"25/07/2020 15:03:10","413213190","118.525111","24.328088"
"25/07/2020 15:03:20","413213190","118.525481","24.328432"
"25/07/2020 15:03:30","413213190","118.525856","24.328775"
"25/07/2020 15:03:40","413213190","118.526222","24.329118"
"25/07/2020 15:03:50","413213190","118.526588","24.329464"
"25/07/2020 15:04:00","413213190","118.526963","24.329810"
"25/07/2020 15:04:10","413213190","118.527329","24.330154"
"25/07/2020 15:04:20","413213190","118.527701","24.330491"
"25/07/2020 15:04:30","413213190","118.528069","24.330813"
"25/07/2020 15:04:40","413213190","118.528447","24.331147"
"25/07/2020 15:04:50","413213190","118.528841","24.331500"
"25/07/2020 15:05:00","413213190","118.529227","24.331836"
"25/07/2020 15:05:10","413213190","118.529615","24.332170"
"25/07/2020 15:05:20","413213190","118.529988","24.332503"
"25/07/2020 15:05:30","413213190","118.530349","24.332825"
"25/07/2020 15:05:40","413213190","118.530708","24.333145"
"25/07/2020 15:05:50","413213190","118.531093","24.333496"
"25/07/2020 15:06:00","413213190","118.531483","24.333855"
"25/07/2020 15:06:10","413213190","118.531861","24.334194"
"25/07/2020 15:06:20","413213190","118.532235","24.334533"
"25/07/2020 15:06:30","413213190","118.532584","24.334858"
"25/07/2020 15:06:40","413213190","118.532960","24.335194"
"25/07/2020 15:06:50","413213190","118.533361","24.335549"
"25/07/2020 15:07:00","413213190","118.533736","24.335888"
"25/07/2020 15:07:10","413213190","118.534108","24.336226"
"25/07/2020 15:07:20","413213190","118.534481","24.336561"
"25/07/2020 15:07:30","413213190","118.534843","24.336883"
"25/07/2020 15:07:40","413213190","118.535200","24.337202"
"25/07/2020 15:07:50","413213190","118.535587","24.337552"
"25/07/2020 15:08:00","413213190","118.535976","24.337903"
"25/07/2020 15:08:10","413213190","118.536354","24.338239"
"25/07/2020 15:08:20","413213190","118.536729","24.338576"
"25/07/2020 15:08:30","413213190","118.537083","24.338898"
"25/07/2020 15:08:40","413213190","118.537440","24.339214"
"25/07/2020 15:08:50","413213190","118.537827","24.339565"
"25/07/2020 15:09:00","413213190","118.538221","24.339921"
"25/07/2020 15:09:10","413213190","118.538594","24.340258"
"25/07/2020 15:09:20","413213190","118.538956","24.340597"
"25/07/2020 15:09:30","413213190","118.539315","24.340921"
"25/07/2020 15:09:40","413213190","118.539680","24.341244"
"25/07/2020 15:09:50","413213190","118.540067","24.341602"
"25/07/2020 15:00:20","413217710","118.500521","24.386115"
"25/07/2020 15:00:30","413217710","118.500800","24.386287"
"25/07/2020 15:00:40","413217710","118.501073","24.386450"
"25/07/2020 15:00:50","413217710","118.501398","24.386641"
"25/07/2020 15:01:00","413217710","118.501655","24.386803"
"25/07/2020 15:01:10","413217710","118.501933","24.386980"
"25/07/2020 15:01:20","413217710","118.502257","24.387173"
"25/07/2020 15:01:30","413217710","118.502552","24.387349"
"25/07/2020 15:01:40","413217710","118.502843","24.387528"
"25/07/2020 15:01:50","413217710","118.503123","24.387706"
"25/07/2020 15:02:00","413217710","118.503411","24.387879"
"25/07/2020 15:02:10","413217710","118.503667","24.388038"
"25/07/2020 15:02:20","413217710","118.503988","24.388235"
"25/07/2020 15:02:30","413217710","118.504269","24.388416"
"25/07/2020 15:02:40","413217710","118.504544","24.388591"
"25/07/2020 15:02:50","413217710","118.504806","24.388758"
"25/07/2020 15:03:00","413217710","118.505118","24.388950"
"25/07/2020 15:03:10","413217710","118.505373","24.389112"
"25/07/2020 15:03:20","413217710","118.505694","24.389310"
"25/07/2020 15:03:30","413217710","118.505958","24.389486"
"25/07/2020 15:03:40","413217710","118.506216","24.389651"
"25/07/2020 15:03:50","413217710","118.506508","24.389830"
"25/07/2020 15:04:00","413217710","118.506788","24.390010"
"25/07/2020 15:04:10","413217710","118.507067","24.390187"
"25/07/2020 15:04:20","413217710","118.507390","24.390388"
"25/07/2020 15:04:30","413217710","118.507680","24.390564"
"25/07/2020 15:04:40","413217710","118.507946","24.390740"
"25/07/2020 15:04:50","413217710","118.508215","24.390908"
"25/07/2020 15:05:00","413217710","118.508498","24.391088"
"25/07/2020 15:05:10","413217710","118.508802","24.391283"
"25/07/2020 15:05:20","413217710","118.509097","24.391461"
"25/07/2020 15:05:30","413217710","118.509386","24.391643"
"25/07/2020 15:05:40","413217710","118.509651","24.391818"
"25/07/2020 15:05:50","413217710","118.509909","24.391983"
"25/07/2020 15:06:00","413217710","118.510204","24.392163"
"25/07/2020 15:06:10","413217710","118.510508","24.392356"
"25/07/2020 15:06:20","413217710","118.510790","24.392536"
"25/07/2020 15:06:30","413217710","118.511075","24.392709"
"25/07/2020 15:06:40","413217710","118.511322","24.392873"
"25/07/2020 15:06:50","413217710","118.511615","24.393056"
"25/07/2020 15:07:00","413217710","118.511898","24.393242"
"25/07/2020 15:07:10","413217710","118.512201","24.393440"
"25/07/2020 15:07:20","413217710","118.512480","24.393618"
"25/07/2020 15:07:30","413217710","118.512746","24.393796"
"25/07/2020 15:07:40","413217710","118.513015","24.393965"
"25/07/2020 15:07:50","413217710","118.513295","24.394146"
"25/07/2020 15:08:00","413217710","118.513578","24.394332"
"25/07/2020 15:08:10","413217710","118.513881","24.394534"
"25/07/2020 15:08:20","413217710","118.514158","24.394720"
"25/07/2020 15:08:30","413217710","118.514413","24.394887"
"25/07/2020 15:08:40","413217710","118.514681","24.395072"
"25/07/2020 15:08:50","413217710","118.514960","24.395257"
"25/07/2020 15:09:00","413217710","118.515256","24.395443"
"25/07/2020 15:09:10","413217710","118.515549","24.395645"
"25/07/2020 15:09:20","413217710","118.515837","24.395827"
"25/07/2020 15:09:30","413217710","118.516080","24.395993"
"25/07/2020 15:09:40","413217710","118.516361","24.396178"
"25/07/2020 15:09:50","413217710","118.516640","24.396363"
"25/07/2020 15:00:10","413329470","118.535160","24.323312"
"25/07/2020 15:00:20","413329470","118.534842","24.323018"
"25/07/2020 15:00:30","413329470","118.534512","24.322684"
"25/07/2020 15:00:40","413329470","118.534183","24.322362"
"25/07/2020 15:00:50","413329470","118.533851","24.322049"
"25/07/2020 15:01:00","413329470","118.533496","24.321749"
"25/07/2020 15:01:10","413329470","118.533166","24.321468"
"25/07/2020 15:01:20","413329470","118.532817","24.321155"
"25/07/2020 15:01:30","413329470","118.532455","24.320842"
"25/07/2020 15:01:40","413329470","118.532100","24.320548"
"25/07/2020 15:01:50","413329470","118.531737","24.320269"
"25/07/2020 15:02:00","413329470","118.531384","24.319981"
"25/07/2020 15:02:10","413329470","118.531059","24.319708"
"25/07/2020 15:02:20","413329470","118.530724","24.319414"
"25/07/2020 15:02:30","413329470","118.530348","24.319111"
"25/07/2020 15:02:40","413329470","118.529979","24.318818"
"25/07/2020 15:02:50","413329470","118.529620","24.318526"
"25/07/2020 15:03:00","413329470","118.529247","24.318249"
"25/07/2020 15:03:10","413329470","118.528919","24.317980"
"25/07/2020 15:03:20","413329470","118.528577","24.317699"
"25/07/2020 15:03:30","413329470","118.528207","24.317375"
"25/07/2020 15:03:40","413329470","118.527876","24.317069"
"25/07/2020 15:03:50","413329470","118.527555","24.316771"
"25/07/2020 15:04:00","413329470","118.527196","24.316443"
"25/07/2020 15:04:10","413329470","118.526866","24.316116"
"25/07/2020 15:04:20","413329470","118.526530","24.315814"
"25/07/2020 15:04:30","413329470","118.526197","24.315496"
"25/07/2020 15:04:40","413329470","118.525852","24.315182"
"25/07/2020 15:04:50","413329470","118.525517","24.314871"
"25/07/2020 15:05:00","413329470","118.525191","24.314582"
"25/07/2020 15:05:10","413329470","118.524861","24.314287"
"25/07/2020 15:05:20","413329470","118.524485","24.313983"
"25/07/2020 15:05:30","413329470","118.524150","24.313706"
"25/07/2020 15:05:40","413329470","118.523768","24.313408"
"25/07/2020 15:05:50","413329470","118.523416","24.313142"
"25/07/2020 15:06:00","413329470","118.523064","24.312866"
"25/07/2020 15:06:10","413329470","118.522690","24.312551"
"25/07/2020 15:06:20","413329470","118.522336","24.312243"
"25/07/2020 15:06:30","413329470","118.522036","24.311963"
"25/07/2020 15:06:40","413329470","118.521679","24.311632"
"25/07/2020 15:06:50","413329470","118.521342","24.311334"
"25/07/2020 15:07:00","413329470","118.520982","24.311020"
"25/07/2020 15:07:10","413329470","118.520628","24.310706"
"25/07/2020 15:07:20","413329470","118.520308","24.310425"
"25/07/2020 15:07:30","413329470","118.519959","24.310126"
"25/07/2020 15:07:40","413329470","118.519596","24.309816"
"25/07/2020 15:07:50","413329470","118.519245","24.309530"
"25/07/2020 15:08:00","413329470","118.518884","24.309225"
"25/07/2020 15:08:10","413329470","118.518523","24.308927"
"25/07/2020 15:08:20","413329470","118.518174","24.308621"
"25/07/2020 15:08:30","413329470","118.517840","24.308339"
"25/07/2020 15:08:40","413329470","118.517484","24.308027"
"25/07/2020 15:08:50","413329470","118.517121","24.307717"
"25/07/2020 15:09:00","413329470","118.516771","24.307416"
"25/07/2020 15:09:10","413329470","118.516445","24.307123"
"25/07/2020 15:09:20","413329470","118.516072","24.306812"
"25/07/2020 15:09:30","413329470","118.515751","24.306532"
"25/07/2020 15:09:40","413329470","118.515409","24.306229"
"25/07/2020 15:09:50","413329470","118.515043","24.305914"
"25/07/2020 15:00:10","413696140","118.560053","24.366085"
"25/07/2020 15:00:20","413696140","118.559727","24.365738"
"25/07/2020 15:00:30","413696140","118.559421","24.365445"
"25/07/2020 15:00:40","413696140","118.559084","24.365159"
"25/07/2020 15:00:50","413696140","118.558757","24.364870"
"25/07/2020 15:01:00","413696140","118.558409","24.364586"
"25/07/2020 15:01:10","413696140","118.558054","24.364313"
"25/07/2020 15:01:20","413696140","118.557656","24.364031"
"25/07/2020 15:01:30","413696140","118.557302","24.363787"
"25/07/2020 15:01:40","413696140","118.556941","24.363534"
"25/07/2020 15:01:50","413696140","118.556589","24.363272"
"25/07/2020 15:02:00","413696140","118.556220","24.363004"
"25/07/2020 15:02:10","413696140","118.555855","24.362735"
"25/07/2020 15:02:20","413696140","118.555467","24.362440"
"25/07/2020 15:02:30","413696140","118.555141","24.362180"
"25/07/2020 15:02:40","413696140","118.554792","24.361902"
"25/07/2020 15:02:50","413696140","118.554432","24.361621"
"25/07/2020 15:03:00","413696140","118.554079","24.361340"
"25/07/2020 15:03:10","413696140","118.553721","24.361056"
"25/07/2020 15:03:20","413696140","118.553333","24.360746"
"25/07/2020 15:03:30","413696140","118.553008","24.360476"
"25/07/2020 15:03:40","413696140","118.552659","24.360201"
"25/07/2020 15:03:50","413696140","118.552299","24.359917"
"25/07/2020 15:04:00","413696140","118.551946","24.359635"
"25/07/2020 15:04:10","413696140","118.551579","24.359354"
"25/07/2020 15:04:20","413696140","118.551187","24.359051"
"25/07/2020 15:04:30","413696140","118.550851","24.358787"
"25/07/2020 15:04:40","413696140","118.550467","24.358490"
"25/07/2020 15:04:50","413696140","118.550118","24.358225"
"25/07/2020 15:05:00","413696140","118.549772","24.357947"
"25/07/2020 15:05:10","413696140","118.549415","24.357666"
"25/07/2020 15:05:20","413696140","118.549027","24.357360"
"25/07/2020 15:05:30","413696140","118.548680","24.357089"
"25/07/2020 15:05:40","413696140","118.548338","24.356808"
"25/07/2020 15:05:50","413696140","118.547980","24.356520"
"25/07/2020 15:06:00","413696140","118.547619","24.356228"
"25/07/2020 15:06:10","413696140","118.547266","24.355942"
"25/07/2020 15:06:20","413696140","118.546880","24.355631"
"25/07/2020 15:06:30","413696140","118.546533","24.355358"
"25/07/2020 15:06:40","413696140","118.546176","24.355082"
"25/07/2020 15:06:50","413696140","118.545814","24.354801"
"25/07/2020 15:07:00","413696140","118.545458","24.354517"
"25/07/2020 15:07:10","413696140","118.545096","24.354236"
"25/07/2020 15:07:20","413696140","118.544707","24.353937"
"25/07/2020 15:07:30","413696140","118.544360","24.353668"
"25/07/2020 15:07:40","413696140","118.543987","24.353380"
"25/07/2020 15:07:50","413696140","118.543624","24.353112"
"25/07/2020 15:08:00","413696140","118.543271","24.352837"
"25/07/2020 15:08:10","413696140","118.542912","24.352550"
"25/07/2020 15:08:20","413696140","118.542520","24.352241"
"25/07/2020 15:08:30","413696140","118.542173","24.351966"
"25/07/2020 15:08:40","413696140","118.541824","24.351687"
"25/07/2020 15:08:50","413696140","118.541467","24.351399"
"25/07/2020 15:09:00","413696140","118.541111","24.351108"
"25/07/2020 15:09:10","413696140","118.540742","24.350822"
"25/07/2020 15:09:20","413696140","118.540376","24.350534"
"25/07/2020 15:09:30","413696140","118.540012","24.350249"
"25/07/2020 15:09:40","413696140","118.539643","24.349964"
"25/07/2020 15:09:50","413696140","118.539271","24.349679"
"25/07/2020 15:04:50","413696250","118.561678","24.300470"
"25/07/2020 15:05:00","413696250","118.562112","24.300873"
"25/07/2020 15:05:10","413696250","118.562547","24.301274"
"25/07/2020 15:05:20","413696250","118.563029","24.301713"
"25/07/2020 15:05:30","413696250","118.563514","24.302150"
"25/07/2020 15:05:40","413696250","118.563977","24.302565"
"25/07/2020 15:05:50","413696250","118.564437","24.302984"
"25/07/2020 15:06:00","413696250","118.564891","24.303408"
"25/07/2020 15:06:10","413696250","118.565318","24.303808"
"25/07/2020 15:06:20","413696250","118.565767","24.304238"
"25/07/2020 15:06:30","413696250","118.566236","24.304688"
"25/07/2020 15:06:40","413696250","118.566687","24.305112"
"25/07/2020 15:06:50","413696250","118.567135","24.305539"
"25/07/2020 15:07:00","413696250","118.567582","24.305967"
"25/07/2020 15:07:10","413696250","118.568005","24.306370"
"25/07/2020 15:07:20","413696250","118.568451","24.306795"
"25/07/2020 15:07:30","413696250","118.568915","24.307240"
"25/07/2020 15:07:40","413696250","118.569354","24.307669"
"25/07/2020 15:07:50","413696250","118.569794","24.308099"
"25/07/2020 15:08:00","413696250","118.570233","24.308532"
"25/07/2020 15:08:10","413696250","118.570643","24.308944"
"25/07/2020 15:08:20","413696250","118.571081","24.309382"
"25/07/2020 15:08:30","413696250","118.571542","24.309840"
"25/07/2020 15:08:40","413696250","118.571985","24.310271"
"25/07/2020 15:08:50","413696250","118.572430","24.310699"
"25/07/2020 15:09:00","413696250","118.572879","24.311132"
"25/07/2020 15:09:10","413696250","118.573312","24.311538"
"25/07/2020 15:09:20","413696250","118.573776","24.311968"
"25/07/2020 15:09:30","413696250","118.574245","24.312415"
"25/07/2020 15:09:40","413696250","118.574678","24.312847"
"25/07/2020 15:09:50","413696250","118.575105","24.313280"
"25/07/2020 15:00:10","414350000","118.556200","24.314614"
"25/07/2020 15:00:20","414350000","118.556378","24.314933"
"25/07/2020 15:00:30","414350000","118.556573","24.315290"
"25/07/2020 15:00:40","414350000","118.556727","24.315587"
"25/07/2020 15:00:50","414350000","118.556895","24.315900"
"25/07/2020 15:01:00","414350000","118.557092","24.316259"
"25/07/2020 15:01:10","414350000","118.557280","24.316587"
"25/07/2020 15:01:20","414350000","118.557486","24.316941"
"25/07/2020 15:01:30","414350000","118.557678","24.317283"
"25/07/2020 15:01:40","414350000","118.557838","24.317570"
"25/07/2020 15:01:50","414350000","118.558035","24.317930"
"25/07/2020 15:02:00","414350000","118.558217","24.318258"
"25/07/2020 15:02:10","414350000","118.558424","24.318637"
"25/07/2020 15:02:20","414350000","118.558588","24.318923"
"25/07/2020 15:02:30","414350000","118.558750","24.319233"
"25/07/2020 15:02:40","414350000","118.558928","24.319567"
"25/07/2020 15:02:50","414350000","118.559126","24.319926"
"25/07/2020 15:03:00","414350000","118.559300","24.320266"
"25/07/2020 15:03:10","414350000","118.559467","24.320600"
"25/07/2020 15:03:20","414350000","118.559633","24.320909"
"25/07/2020 15:03:30","414350000","118.559813","24.321259"
"25/07/2020 15:03:40","414350000","118.559971","24.321576"
"25/07/2020 15:03:50","414350000","118.560133","24.321900"
"25/07/2020 15:04:00","414350000","118.560287","24.322233"
"25/07/2020 15:04:10","414350000","118.560450","24.322566"
"25/07/2020 15:04:20","414350000","118.560617","24.322924"
"25/07/2020 15:04:30","414350000","118.560757","24.323241"
"25/07/2020 15:04:40","414350000","118.560903","24.323580"
"25/07/2020 15:04:50","414350000","118.561053","24.323916"
"25/07/2020 15:05:00","414350000","118.561203","24.324250"
"25/07/2020 15:05:10","414350000","118.561353","24.324650"
"25/07/2020 15:05:20","414350000","118.561480","24.324988"
"25/07/2020 15:05:30","414350000","118.561607","24.325291"
"25/07/2020 15:05:40","414350000","118.561727","24.325630"
"25/07/2020 15:05:50","414350000","118.561859","24.325979"
"25/07/2020 15:06:00","414350000","118.561991","24.326355"
"25/07/2020 15:06:10","414350000","118.562123","24.326700"
"25/07/2020 15:06:20","414350000","118.562235","24.327022"
"25/07/2020 15:06:30","414350000","118.562357","24.327389"
"25/07/2020 15:06:40","414350000","118.562450","24.327693"
"25/07/2020 15:06:50","414350000","118.562576","24.328053"
"25/07/2020 15:07:00","414350000","118.562707","24.328439"
"25/07/2020 15:07:10","414350000","118.562827","24.328797"
"25/07/2020 15:07:20","414350000","118.562935","24.329109"
"25/07/2020 15:07:30","414350000","118.563037","24.329422"
"25/07/2020 15:07:40","414350000","118.563157","24.329789"
"25/07/2020 15:07:50","414350000","118.563292","24.330170"
"25/07/2020 15:08:00","414350000","118.563398","24.330504"
"25/07/2020 15:08:10","414350000","118.563510","24.330847"
"25/07/2020 15:08:20","414350000","118.563630","24.331220"
"25/07/2020 15:08:30","414350000","118.563748","24.331578"
"25/07/2020 15:08:40","414350000","118.563861","24.331891"
"25/07/2020 15:08:50","414350000","118.563992","24.332265"
"25/07/2020 15:09:00","414350000","118.564111","24.332591"
"25/07/2020 15:09:10","414350000","118.564240","24.332956"
"25/07/2020 15:09:20","414350000","118.564351","24.333288"
"25/07/2020 15:09:30","414350000","118.564465","24.333628"
"25/07/2020 15:09:40","414350000","118.564585","24.333956"
"25/07/2020 15:09:50","414350000","118.564711","24.334316"
"25/07/2020 15:08:50","564498000","118.599523","24.302801"
"25/07/2020 15:09:00","564498000","118.598689","24.302815"
"25/07/2020 15:09:10","564498000","118.597840","24.302822"
"25/07/2020 15:09:20","564498000","118.597001","24.302828"
"25/07/2020 15:09:30","564498000","118.596155","24.302837"
"25/07/2020 15:09:40","564498000","118.595315","24.302842"
"25/07/2020 15:09:50","564498000","118.594473","24.302851"
"25/07/2020 15:00:20","566431000","118.543198","24.329850"
"25/07/2020 15:00:30","566431000","118.542798","24.329582"
"25/07/2020 15:00:40","566431000","118.542382","24.329315"
"25/07/2020 15:00:50","566431000","118.541982","24.329050"
"25/07/2020 15:01:00","566431000","118.541574","24.328783"
"25/07/2020 15:01:10","566431000","118.541165","24.328515"
"25/07/2020 15:01:20","566431000","118.540748","24.328248"
"25/07/2020 15:01:30","566431000","118.540298","24.327967"
"25/07/2020 15:01:40","566431000","118.539932","24.327733"
"25/07/2020 15:01:50","566431000","118.539532","24.327483"
"25/07/2020 15:02:00","566431000","118.539124","24.327241"
"25/07/2020 15:02:10","566431000","118.538717","24.327000"
"25/07/2020 15:02:20","566431000","118.538350","24.326800"
"25/07/2020 15:02:30","566431000","118.537898","24.326550"
"25/07/2020 15:02:40","566431000","118.537533","24.326350"
"25/07/2020 15:02:50","566431000","118.537050","24.326100"
"25/07/2020 15:03:00","566431000","118.536683","24.325917"
"25/07/2020 15:03:10","566431000","118.536283","24.325700"
"25/07/2020 15:03:20","566431000","118.535883","24.325500"
"25/07/2020 15:03:30","566431000","118.535500","24.325283"
"25/07/2020 15:03:40","566431000","118.535100","24.325083"
"25/07/2020 15:03:50","566431000","118.534717","24.324883"
"25/07/2020 15:04:00","566431000","118.534343","24.324697"
"25/07/2020 15:04:10","566431000","118.533917","24.324500"
"25/07/2020 15:04:20","566431000","118.534490","24.324685"
"25/07/2020 15:04:30","566431000","118.534227","24.324578"
"25/07/2020 15:04:40","566431000","118.533903","24.324463"
"25/07/2020 15:04:50","566431000","118.533482","24.324290"
"25/07/2020 15:05:00","566431000","118.533130","24.324157"
"25/07/2020 15:05:10","566431000","118.531466","24.323645"
"25/07/2020 15:05:20","566431000","118.531050","24.323548"
"25/07/2020 15:05:30","566431000","118.530661","24.323482"
"25/07/2020 15:05:40","566431000","118.530258","24.323410"
"25/07/2020 15:05:50","566431000","118.529792","24.323362"
"25/07/2020 15:06:00","566431000","118.529410","24.323345"
"25/07/2020 15:06:10","566431000","118.530166","24.323256"
"25/07/2020 15:06:20","566431000","118.529758","24.323253"
"25/07/2020 15:06:30","566431000","118.529358","24.323270"
"25/07/2020 15:06:40","566431000","118.528945","24.323255"
"25/07/2020 15:06:50","566431000","118.527275","24.323215"
"25/07/2020 15:07:00","566431000","118.526858","24.323182"
"25/07/2020 15:07:10","566431000","118.526432","24.323164"
"25/07/2020 15:07:20","566431000","118.526003","24.323149"
"25/07/2020 15:07:30","566431000","118.525577","24.323132"
"25/07/2020 15:07:40","566431000","118.525143","24.323115"
"25/07/2020 15:07:50","566431000","118.524658","24.323098"
"25/07/2020 15:08:00","566431000","118.524275","24.323082"
"25/07/2020 15:08:10","566431000","118.523849","24.323064"
"25/07/2020 15:08:20","566431000","118.523418","24.323049"
"25/07/2020 15:08:30","566431000","118.522992","24.323015"
"25/07/2020 15:08:40","566431000","118.522558","24.322998"
"25/07/2020 15:08:50","566431000","118.522142","24.322965"
"25/07/2020 15:09:00","566431000","118.521742","24.322948"
"25/07/2020 15:09:10","566431000","118.521265","24.322912"
"25/07/2020 15:09:20","566431000","118.520835","24.322885"
"25/07/2020 15:09:30","566431000","118.520401","24.322867"
"25/07/2020 15:09:40","566431000","118.519927","24.322830"
"25/07/2020 15:09:50","566431000","118.519543","24.322797"
